,Bexley CO mg/m3,City CO mg/m3,Hillington CO mg/m3,Kensington CO mg/m3
count,4487.0,959.0,1473.0,6753.0
mean,0.29034989971027647,0.6754953076120956,0.3406653088934136,0.3103953798311806
std,0.1820354466771741,0.3820805308780855,0.2209388133336614,0.18737169557040084
min,0.1,0.0,0.1,0.0
25%,0.2,0.4,0.2,0.2
50%,0.2,0.6,0.3,0.3
75%,0.3,0.9,0.4,0.4
max,2.3,2.0,2.1,2.6
